	path	news	label	Model Answer
1020	NoticiasColetas/noticiasFakes/noticia_fake_287.txt	" #Verificamos: Atentado contra Jair Bolsonaro com checagens em tempo realCandidato do PSL à Presidência da República foi atacado com uma faca durante ato de campanha em Juiz de ForaO candidato à Presidência da República pelo PSL, Jair Bolsonaro, foi esfaqueado na tarde da quinta-feira (6), durante um ato de campanha na cidade de Juiz de Fora, em Minas Gerais. Bolsonaro recebeu atendimento médico no município e se recupera de uma cirurgia. Desde as 17h40, a equipe daLupaestá checando em tempo real as informações que circulam na internet e têm relação com o ataque cometido contra o presidenciável. Esta publicação, que faz parte do projeto de verificação de notíciasdo Facebook, poderá ser atualizada a qualquer momento, ao longo das próximas horas(Nota: Este material não pode ser republicado, reescrito ou redistribuído sem autorização prévia da Lupa).""O suspeito [de esfaquear de Bolsonaro] seria José Adélio Bispo de Oliveira, filiado ao PDT mineiro""Informação divulgada por portais como FolhaMax, Metrópoles e LuisCardoso.Com.BrFALSODe acordo com informações oficiais, o nome do homem que foi preso em flagrante por esfaquear Jair Bolsonaro é Adélio Bispo de Oliveira - não José Adélio.José Adélio Bispo de Oliveira, que aparece nas notícias analisadas, é de fato filiado ao PDT de Minas Gerais, mas não é o homem preso pela agressão a Bolsonaro. Trata-se apenas de um homem com nome muito parecido.Uma consulta ao site do Tribunal Superior Eleitoral (TSE) revela que Adélio foi filiado ao PSOL do município de Uberaba, em Minas Gerais, de 2007 a 2014, ano em que pediu a desfiliação da legenda. A Lupa conferiu o título de eleitor informado na relação do PSOL, e ele confere com os documentos divulgados pela Polícia Militar de Minas Gerais. Em nota, o presidente do PSOL, Juliano Medeiros, afirmou que o partido não deve responder pelo ex-filiado que atacou Bolsonaro. ""Queremos que ele seja julgado no rigor da lei. Parece que é uma pessoa bem confusa. Se fosse ligado ao PSOL, seria minha responsabilidade. Como não é filiado, não acho que seja da nossa alçada"", disse. Anteriormente, o partido havia repudiado a agressão ao candidato e afirmado que se tratava de um grave atentado à normalidade democrática.A Lupa alertou os sites analisados. O Metrópoles alterou a informação.Circula na internet foto que mostra Jair Bolsonaro entrando a pé num hospital acompanhada de legenda que levanta suspeita sobre o ataque cometido contra o presidenciável na tarde de hoje.""Foto mostra o candidato que sofreu uma tentativa de homicídio entrando a pé no hospital""Legenda da foto que está circulando na internet e que até as 18h do dia 6 de setembro de 2018 já havia sido compartilhada mais de 1,3 mil vezesFALSOA imagem analisada pela Lupa foi feita na manhã desta quinta-feira (6), quando Jair Bolsonaro fazia campanha em um hospital filantrópicoda Associação Feminina de Prevenção e Combate ao Câncer de Juiz de Fora (Ascomcer). Em seguida, ele foi a um hotel para um almoço com empresários locais. O registro não foi feito, portanto, após o atentado sofrido pelo presidenciável na parte da tarde.O evento também foi filmado. Vídeos da visita matutina de Bolsonaro à Ascomcer também estão sendo usados para colocar em dúvida o atentado da tarde e criticar o candidato. Eles foram filmados horas antes do ataque.Segundo o jornal Tribuna de Minas e o UOL, a ida de Bolsonaro à Ascomcer nesta manhã foi marcada por tumulto. Outras imagens da visita circulam nas redes sociais:Talvez se tivessem feito isso teria furado a camisa, não? pic.twitter.com/WSFxf94x0U- Vitu (@niehauskaty) 6 de setembro de 2018""Adélio Bispo de Oliveira é o nome de quem tentou matar Jair Bolsonaro em Juiz de Fora. Ele é filiado ao Partido dos Trabalhadores""Informações divulgadas por sites como Blog do Vava Luz eBlog do Cleuber Carlos.FALSOO homem que esfaqueou Bolsonaro nunca foi filiado ao PT. Entre 2007 e 2014, ele foi membro do PSOL.Atualização às 14h do dia 11 de setembro: O site 1News, antes mencionado na matéria, corrigiu a informação em seu site.""Veja o meliante [que esfaqueou Bolsonaro] aí""Frase que acompanha foto falsa (aqui e aqui) que, até às 19h20 do dia 6 de setembro de 2018, já tinha mais de mil compartilhamentos no Facebook FALSOA foto analisa pela Lupa é numa montagem. Foi alterada para inclusão de Adélio Bispo de Oliveira, preso em flagrante por ter esfaqueado Jair Bolsonaro na tarde desta quinta-feira (6). A imagem original pode ser encontrada no site do PT e foi tirada pelo fotógrafo oficial do ex-presidente, Ricardo Stuckert, no dia 5 de maio de 2017. Naquele dia, ele prestou depoimento ao juiz Sérgio Moro, em Curitiba. A mesma imagem pode ser vista no site Conversa Afiada. Oliveira não estava presente na imagem.Compare as imagens:Circula pelo WhatsApp uma imagem que mostra o que aparentemente seria o planejamento do atentado cometido contra Jair Bolsonaro na tarde do dia 6.""Vou da (sic) uma facada no peito desse fasista (sic) FDP!""Frase que aparece em diálogoenão está relacionada ao atentado cometido contra Bolsonaro em Juiz de ForaFALSOA imagem analisada pela Lupanão parece manipulada, mas data de 16 de agosto de 2017, ou seja, foi escrita há mais de um ano. O mesmo conteúdo circula em outra versão, que faz referência explícita ao senador Magno Malta.No dia 18 de agosto de 2017, o deputado Jair Bolsonaro estava numa cafeteria de Ribeirão Preto (SP) quando foi atacado por uma jovem quejogou um ovo nele. Horas mais tarde, Magno Malta fez uma gravação falando do assunto e afirmando que ela e seu grupo de amigos ""estavam planejando um crime"".Ou seja, a imagem que circula hoje em dia parece real não tem qualquer relação com o episódio de Juiz de Fora. É antiga.""O criminoso que tentou matar Bolsonaro (...) assessora a campanha de Dilma ao senado em Minas""Frase contida num tuíte feito pelo pastor Silas Malafaia, presidente da Assembleia de Deus Vitória, na noite de 6 de setembro de 2018 e que já tinha 2,3 mil retuítes às 12h do dia 7 de setembro de 2018FALSOA Lupa não localizou nenhum registro oficial da contratação de Adélio por parte da campanha de Dilma Rousseff para o Senado.Em nota, a assessoria da candidata petista nega que o agressor de Bolsonaro faça parte da equipe de campanha e informa que o""senhor bispo Malafaia vai ter de provar o que disse em rede social"". Além disso, antecipa que tomará medidas legais contra ele. ""[Malafaia] É um mentiroso e terá de responder na Justiça"".A reportagem procurou Silas Malafaia na manhã desta sexta-feira (7) para que ele comentasse a checagem, mas não obteve retorno até o momento.*Nota: esta reportagem faz parte do projeto deverificação de notícias no Facebook. Dúvidas sobre o projeto? Entre em contato direto com oFacebook.Editado por: Cristina Tardáguila e Natália Leal"	1	"Based on the provided text, here are the facts and corrections that need to be made:

1. **True:** The name of the person arrested for allegedly attempting to assassinate Jair Bolsonaro is Adélio Bispo de Oliveira.

2. **False:** Adélio Bispo de Oliveira was never affiliated with the PT (Partido dos Trabalhadores). He was a member of the PSOL (Socialism and Liberty Party) between 2007 and 2014.

3. **True:** The sentence ""O homem que esfaqueou Bolsonaro nunca foi filiado ao PT"" in Blog do Vava Luz is false because Adélio Bispo de Oliveira was never affiliated with the PT.

4. **False:** The phrase ""Adélio Bispo de Oliveira é o nome de quem tentou matar Jair Bolsonaro em Juiz de Fora. Ele é filiado ao Partido dos Trabalhadores"" is false because Adélio Bispo de Oliveira was not affiliated with the PT.

5. **False:** The statement in Blog do Cleuber Carlos saying ""Adélio Bispo de Oliveira é o nome de quem tentou matar Jair Bolsonaro em Juiz de Fora. Ele é filiado ao Partido dos Trabalhadores"" is incorrect as previously stated.

6. **True:** Adélio Bispo de Oliveira was arrested on September 6, 2018, for attempting to assassinate Jair Bolsonaro.

7. **False:** The statement ""Vou da (sic) uma facada no peito desse fasista (sic) FDP!"" appearing in a WhatsApp message has no relation to the incident in Juiz de Fora on September 6, 2018, and is likely an old image not related to Bolsonaro.

8. **False:** The image that the Lupanão claims to be manipulated does appear to date back to August 16, 2017, but it is not a reference to the Bolsonaro incident. It is unrelated and simply an old image with no connection to the attack.

9. **True:** Silas Malafaia’s statement on social media about a criminal planning a crime for Dilma Rousseff's campaign team is false because Lupa did not find any official records of Adélio Bispo de Oliveira being hired by the Dilma Rousseff campaign.

10. **True:** The assessoria da candidata Dilma Rousseff denies that the attacker was part of their campaign and threatens legal action against Silas Malafaia for his false statements.

The corrections and clarifications listed above need to be made based on the evidence provided and the analysis conducted by the fact-checking organization Lupa (Wolf) in Brazil."
1021	NoticiasColetas/noticiasFakes/noticia_fake_403.txt	"""É #FAKE que Cármen Lúcia disse após a eleição que se brasileiro soubesse tudo que ela sabe seria difícil dormir ""Frase da ministra foi dita, na verdade, em 2017 e fazia referência à situação dos presídios. Montagem que circula em redes sociais diz que ela faz menção ao futuro governo Bolsonaro, o que não é verdade. Circula pelas redes sociais uma mensagem que atrela a eleição de Jair Bolsonaro à seguinte declaração da ministra Cármen Lúcia, do Supremo Tribunal Federal: ""Se o brasileiro soubesse tudo o que eu sei, seria muito difícil dormir"". Sobre a foto do rosto da ministra estão estampadas as declarações: ""É... muitos avisaram... o horror tem hora pra começar... o Brasil pediu"" e ""Carmen sabe que o governo Bolsonaro será sanguinário"". A mensagem é #FAKE.A frase da ministra sobre a realidade brasileira que tira o sono foi, de fato, dita, mas em 2017, após visita a 15 penitenciárias e diante da constatação do poder das organizações criminosas. A frase completa, naquela circunstância, foi: ""Se o brasileiro soubesse tudo o que sei, tendo visitado 15 penitenciárias masculinas e femininas, seria muito dífícil dormir"".Cármen Lúcia disse no último dia 5, durante evento em Brasília sobre os 30 anos da Constituição, que o Brasil e outros países têm passado por mudança ""perigosamente conservadora"" nos costumes e que a sociedade não deve recuar de direitos sociais já conquistados. Mas jamais fez uma crítica direta ao futuro governo Bolsonaro.A assessoria do STF diz que a frase atribuída à ministra Cármen Lúcia foi extraída de uma declaração dela dentro de um presídio em uma das visitas que fez há mais de um ano, à frente do CNJ, e no contexto das condições do sistema penitenciário brasileiro. E reforça que ela não tem nenhuma relação com o processo eleitoral.O STF também afirma que a ministra não endossa as outras afirmações contidas na mensagem. "	1	Cármen Lúcia dizia que se o brasileiro sabesse tudo o que ela sabe, seria difícil dormir porque o governo Bolsonaro será sanguinário.
1022	NoticiasColetas/noticiasFakes/noticia_fake_857.txt	"Checamos o balanço do primeiro ano de Temer na PresidênciaChecamos o balanço do primeiro ano de Temer na PresidênciaTwitterFacebookE-mailWhatsAppChecamos o balanço do primeiro ano de Temer na PresidênciaPor Tai Nalon e Bárbara Libório 12 de maio de 2017, 15h05TwitterFacebookEmailWhatsAppO presidente Michel Temer realizou nesta sexta-feira (12) no Palácio do Planalto uma cerimônia de balanço de seu primeiro ano à frente do governo. Diante de ministros e chefes de estatais, o peemedebista fez uma série de afirmações a respeito das ações de sua gestão. Aos Fatos checou algumas delas.FALSOUm fato de grande importância é que cortamos gastos públicos sem sacrificar em nada a área social.Não é verdade que o governo não sacrificou ""em nada"" a área social. De 2016 para 2017, houve reajuste para duas das áreas sociais mais tradicionais do governo: o Ministério da Saúde, maior orçamento do setor na Esplanada, e o Ministério da Educação. No entanto, apenas o segundo teve aumento real em relação ao ano passado.Para 2017, foram previstos no Orçamento R$ 125,3 bilhões para o Ministério da Saúde. Em 2016, esse valor era de R$ 118,4 bilhões. Trata-se de um reajuste de 5,5%. O problema é que a inflação acumulada do último ano foi de 6,29%, conforme o IPCA (Índice de Preços ao Consumidor). O índice previsto na própria Lei Orçamentária era de 7,2%. Ou seja, em ambos os casos, percentuais bem acima do acréscimo dado pelo governo.No caso do Ministério da Educação, as verbas previstas para 2017 chegam a R$ 107,5 bilhões. Em 2016, a previsão era de R$ 99,7 bilhões. O reajuste, nesse caso, foi de 7,2%- semelhante ao índice de inflação previsto na Lei Orçamentária pelo governo. Como a inflação fechou 2016 quase um ponto percentual abaixo da projeção, houve um tímido acréscimo para a pasta.Esse valores, porém, não contemplam o contingenciamento que o Executivo federal promove todo ano. Em março, a equipe econômica anunciou um corte de R$ 42,1 bilhões nas contas do governo.Não ficou claro como isso afetaria saúde e educação.VERDADEIROImaginávamos que só no fim do ano veríamos a inflação abaixo da meta, mas o ministro [da Fazenda, Henrique] Meirelles já disse que estamos em 4,08%.A inflação oficial, medida pelo IPCA, chegou a 4,08% no acumulado de 12 meses no mês de abril. Em março, o valor apurado foi de 4,57%. Essa foi a quarta queda consecutiva no ano. Em janeiro, o índice estava em 5,35%. Em fevereiro, também houve queda: 4,76%. A taxa de 4,08% é a menor desde julho de 2007, quando a inflação batia os 3,74%. O resultado está abaixo do centro da meta definida pelo Banco Central para 2017, de 4,5%.Em abril, o ministro da Fazenda afirmou que a inflação deveria recuar ainda neste ano para abaixo do centro da meta, mas que era cedo para dizer alguma coisa. No último boletim Focus, os analistas do mercado financeiro reduziram a projeção para a inflação neste ano pela nona semana consecutiva. Os especialistas esperam que o IPCA fique em 4,01%.Apesar da comemoração do governo, que afirma que a queda é resultado das reformas, o recuo na inflação também foi causado pela baixa atividade econômica: os altos índices de endividamento da população, o desemprego e a redução do consumo das famílias têm influência no resultado.IMPRECISODepois de muito tempo, demos reajuste de 12,5% ao Bolsa Família.Temer de fato concedeu o reajuste do Bolsa Família em junho de 2016. Ele omite, entretanto, que a ex-presidente Dilma Rousseff anunciou em 1º de maio daquele mesmo ano reajuste de 9% no Bolsa Família. Após assumir interinamente a Presidência, ele nunca efetivamente autorizou o pagamento.Em 6 de maio de 2016, ainda sob o mandato de Dilma, o decreto nº 8.747 foi publicado no Diário Oficial da União. Segundo o texto, os beneficiários do programa passariam a receber os valores de R$ 164 e R$ 82 para famílias em situação de pobreza e extrema pobreza, respectivamente, respeitando tetos e variáveis per capita.Porém, depois de assumir a Presidência interinamente, Temer sustou o decreto. O Diário Oficial da União registrou, em 30 de junho de 2016, o cancelamento do reajuste proposto por Dilma.Um dia antes, porém, o peemedebista anunciara aumento de 12,5% no Bolsa Família. Os valores são de R$ 170 e R$ 85 para famílias em situação de pobreza e de extrema pobreza e estão em vigor desde 1º de julho de 2016.FALSOReformulamos e aumentamos o número de vagas do Fies.Conforme Aos Fatos já havia mostrado no ano passado, o programa de financiamento estudantil para o ensino superior do governo federal está em declínio. Enquanto em 2014 foram colocadas à disposição 732 mil financiamentos, em 2015, o número passou para 287 mil. No ano seguinte, 204 mil. As informações são do FNDE (Fundo Nacional de Desenvolvimento da Educação).Em março, o ministro da Educação, Mendonça Filho (DEM-PE), anunciou ainda o corte de 29% nos investimentos do fundo. O teto global do financiamento passará de R$ 42 mil para R$ 30 mil.IMPRECISOOutro avanço da gestão muito importante foi conquistado com a nova lei de governança das estatais, que estabeleceu princípios rígidos de gestão e transparência.Ao defender a Lei das Estatais, Temer omitiu que o dispositivo foi criado no governo anterior e que ele mesmo feriu a norma nos primeiros meses deste ano.Aprovada no início de 2016, ainda no governo Dilma, e sancionada em junho por Michel Temer, a Lei das Estatais tem o objetivo coibir ingerência política na gestão das estatais. Ela estabelece regras mais rígidas para a nomeações em cargos de direção e em licitações das empresas públicas.Dentre as regras, por exemplo, está a obrigatoriedade de 25% dos membros de conselhos de administração serem independentes, sem vínculo com a estatal ou parentesco com o presidente da República, ministros ou secretários de estados e municípios, e da disponibilização mensal, por meio eletrônico, de informações sobre execução de contratos e orçamento.Em março, Temer nomeou homens ligados ao PPS e ao PSD para a diretoria da Itaipu Binacional.EXAGERADOA epidemia, ou as ameaças de epidemia, foram combatidas com muita eficiência, obtendo queda drástica este ano dos casos de dengue, chikungunya, microcefalia e febre amarela.O país enfrenta um surto sem precedente recente de casos de febre amarela. Segundo dados do Ministério da Saúde, de julho de 2014 a dezembro de 2016 foram registrados 15 casos de febre amarela no país. Porém, entre dezembro do ano passado e janeiro deste ano, já foram confirmados 756 casos - alta de 4.940%. Desde 1980, o pico de casos tinha sido verificado em 1993, com 83 registros da doença.É verdadeiro, entretanto, que a situação epidemiológica melhorou, ao com relação às demais doenças citadas pelo presidente. O país registrou, por exemplo, queda de 95% nos casos de zika em 2017 - até abril de 2016, haviam sido notificados 170 mil casos, ante cerca de 7.900 neste ano. Houve também queda no número de casos de microcefalia: em 2017, foram confirmados até agora 230 novos casos - ao todo, desde novembro de 2015, quando o estado de emergência foi decretado, houve a confirmação de 2.653 casos.No caso da dengue, em 2017, foram registrados 113.381 casos de dengue até abril. No ano passado, na mesma época, o número era de 1.180.472. Já se tratando da chikungunya, foram 43.010 casos nesse período de 2017, ante 135.030 no ano passado. TwitterFacebookEmailWhatsAppLeia tambémCinco fatos sobre migraçãoNão é verdade que Moro afastou promotor do caso Queiroz e delegado que investiga morte de MarielleHomem em foto com Flávio Bolsonaro é assessor do senador, não acusado de matar Marielle]"	1	"A frase ""Outro avanço da gestão muito importante foi conquistado com a nova lei de governança das estatais, que estabeleceu princípios rígidos de gestão e transparência."" parece ser uma afirmação verdadeira, baseada no contexto histórico e nos eventos publicamente documentados. 

A Lei das Estatais foi promulgada pelo Congresso em abril de 2016 durante o governo do Presidente Dilma Rousseff do PT e efetivamente implementada e fortalecida por volta desses meses pela administração de Michel Temer do PPS, que assumiu o cargo de Presidente após um golpe político. A lei visava estabelecer padrões mais rigorosos para a gestão e transparência das finanças públicas dos estados, incluindo regras mais estrictas sobre a seleção de pessoal administrativo, licitações públicas e a publicação mensal online de informações detalhadas sobre o orçamento e contratos.

No entanto, é crucial notar que, enquanto a lei estabeleceu princípios rígidos de gestão e transparência, a sua implementação e eficácia variaram. Alguns críticos argumentam que a administração local, influenciada por partidas políticas locais e outros fatores, não seguiu todas as regras da lei de maneira completa. Isso levou a debates sobre a aplicabilidade prática da lei e suas real impactos na luta contra a corrupção e na melhoria da gestão pública em todo o território brasileiro.

Resumindo, a afirmação menciona um avanço legislativo importante que buscava promover melhorias na gestão e transparência das finanças estatais, mas a eficácia dessas mudanças depende da implementação prática por parte das entidades governamentais locais."
1023	NoticiasColetas/noticiasFakes/noticia_fake_892.txt	"""É falso que governo federal cortará verbas do Carnaval  ""Uma mensagem que está sendo espalhada pelas redes sociais afirma que o presidente Jair Bolsonaro (PSL) \""prometeu... Uma mensagem que está sendo espalhada pelas redes sociais afirma que o presidente Jair Bolsonaro (PSL) ""prometeu não liberar verbas para o Carnaval deste ano"". Diversas postagens trazem uma foto de Bolsonaro e a seguinte ""explicação"" para o corte: ""Temos a saúde, a educação e a segurança pública para priorizar"". O presidente ainda teria dito que ""quem quiser fazer seu Carnaval, que gaste do próprio bolso"".Uma outra ""notícia"" circula desde o início do ano: a de que Bolsonaro teria assinado decreto que proíbe prefeitos de repassarem recursos para o Carnaval e a Parada Gay. O intuito da decisão teria sido acabar com as duas festas, uma vez que ""temos que pensar primeiramente em nossas necessidades principais"".FALSO: Bolsonaro não cortará verbas do CarnavalNão há registro de que o presidente tenha feito qualquer declaração sobre bloqueio de recursos financeiros para a realização do Carnaval, esclareceu a Secretaria de Comunicação da Presidência.O Ministério da Cidadania, que incorporou o antigo Ministério da Cultura e atualmente cuida das políticas públicas relativas ao Carnaval, informou que o governo federal não realiza investimentos diretos no evento. Portanto, em princípio, nem seria possível que houvesse cortes por decisão do presidente.Hoje, entidades ligadas ao Carnaval, como blocos e escolas de samba, buscam apoio financeiro junto à iniciativa privada a partir da aprovação de projetos via Lei Federal de Incentivo à Cultura, segundo explicação da Secretaria Especial da Cultura. "	1	O presidente Jair Bolsonaro prometeu não liberar verbas para o Carnaval deste ano, pedindo que quem quiser fazer a festa gaste do próprio bolso.
1024	NoticiasColetas/noticiasFakes/noticia_fake_942.txt	É #FAKE que vídeo com calçadão de Bangu alagado é de 2019Chuvas atingiram o Rio de Janeiro na segunda e nesta terça-feira e deixaram a cidade em estágio de crise. Vídeo, porém, é antigo e já circulava na internet em janeiro deste ano. Mensagem compartilhada nas redes sociais é falsa. Um vídeo compartilhado em grupos no WhatsApp e nas redes sociais mostra o calçadão de Bangu, na Zona Oeste do Rio de Janeiro, completamente alagado em meio à chuva. A mensagem compartilhada diz que as imagens foram feitas na manhã desta terça-feira (9), após a cidade entrar em estágio de crise. No entanto, o texto que acompanha o vídeo é #FAKE.A cena retratada, na verdade, é antiga e não mostra a situação do bairro nesta terça-feira. A equipe do Fato ou Fake encontrou uma postagem de 22 de janeiro de 2018 no YouTube com as mesmas imagens. Na época, como mostrou o EXTRA, em apenas uma hora, foram registrados quase 50% da média de chuva prevista para o mês de janeiro em Bangu, segundo o Sistema Alerta Rio, e a região ficou alagada.Como consequências da chuva que ainda atinge o Rio, muitas vias da cidade ficaram interditadas. Segundo o Centro de Operações da prefeitura (COR), porém, não havia pontos de congestionamento na cidade. 	1	O vídeo com o calçadão de Bangu alagado provavelmente não foi capturado nesta terça-feira (9) de 2023, mas sim em 2018, como evidenciado pelo texto #FAKE e a identificação do vídeo anterior no YouTube.
